"Country","timePeriod","no","asynchrony","AreaHarvested","propNo","propAsynchrony","metric"
"AUT",1978,1,0,42723.75,0.696649137825608,0,"asynchronyBetween"
"AUT",1978,2,0.3922812487,54093.75,0.882047205576617,0.676632041396497,"asynchronyBetween"
"AUT",1978,3,0.4808956712,59730,0.973951326892503,0.829479922328988,"asynchronyBetween"
"AUT",1978,4,0.5797556496,61327.5,1,1,"asynchronyBetween"
"AUT",1978,1,0,265900,0.606039886039886,0,"asynchronyWithin"
"AUT",1978,2,0.0627082062491176,334320,0.761982905982906,0.52293393866425,"asynchronyWithin"
"AUT",1978,3,0.0715203121961918,386800,0.881595441595442,0.596419524466587,"asynchronyWithin"
"AUT",1978,4,0.0955339961803454,414610,0.944980056980057,0.796673543817503,"asynchronyWithin"
"AUT",1978,5,0.10679658688129,433080,0.987076923076923,0.890594120837534,"asynchronyWithin"
"AUT",1978,6,0.11435150428592,436210,0.994210826210826,0.953595806757098,"asynchronyWithin"
"AUT",1978,7,0.118368385270227,438420,0.999247863247863,0.987093231096181,"asynchronyWithin"
"AUT",1978,8,0.119916114852472,438750,1,1,"asynchronyWithin"
"AUT",1988,1,0,33835,0.555350386947994,0,"asynchronyBetween"
"AUT",1988,2,0.441273312,46287.5,0.759739353800954,0.513915941895509,"asynchronyBetween"
"AUT",1988,3,0.7935520924,57155.5,0.938121147959393,0.924187028579917,"asynchronyBetween"
"AUT",1988,4,0.8586488101,60925.5,1,1,"asynchronyBetween"
"AUT",1988,1,0,244960,0.604854440850391,0,"asynchronyWithin"
"AUT",1988,2,0.171189358179923,316780,0.782192152892664,0.607685709052027,"asynchronyWithin"
"AUT",1988,3,0.226458448498353,364260,0.899429615546063,0.803879191496864,"asynchronyWithin"
"AUT",1988,4,0.273809175758128,388140,0.958394034420603,0.9719641739684,"asynchronyWithin"
"AUT",1988,5,0.275715616922788,401400,0.991135583594657,0.978731633483578,"asynchronyWithin"
"AUT",1988,6,0.277933937912558,403240,0.995678905651991,0.986606199857949,"asynchronyWithin"
"AUT",1988,7,0.281036109569104,404780,0.999481468678239,0.997618247585401,"asynchronyWithin"
"AUT",1988,8,0.281707066053888,404990,1,1,"asynchronyWithin"
"AUT",1998,1,0,37838.5714285714,0.356374018481344,0,"asynchronyBetween"
"AUT",1998,2,0.3198368608,68405.7142857143,0.644263733188382,0.668859643292982,"asynchronyBetween"
"AUT",1998,3,0.4055139965,80488.2142857143,0.758060024003143,0.848032169809558,"asynchronyBetween"
"AUT",1998,4,0.4442628347,91460.7142857143,0.861402031117976,0.929065775603595,"asynchronyBetween"
"AUT",1998,5,0.4580846161,99285.7142857143,0.93510002206567,0.95797061088041,"asynchronyBetween"
"AUT",1998,6,0.4711208238,102973.714285714,0.969834615115522,0.985232613172158,"asynchronyBetween"
"AUT",1998,7,0.4781823272,106176.571428571,1,1,"asynchronyBetween"
"AUT",1998,1,0,387080,0.616791752314483,0,"asynchronyWithin"
"AUT",1998,2,0.159322376759064,501660,0.799368994693819,0.621510945113259,"asynchronyWithin"
"AUT",1998,3,0.166794918206389,586500,0.934557101199866,0.650661064461203,"asynchronyWithin"
"AUT",1998,4,0.22425356532392,610900,0.973437226126169,0.874805210446112,"asynchronyWithin"
"AUT",1998,5,0.25296211319674,625380,0.99651034944309,0.98679623822401,"asynchronyWithin"
"AUT",1998,6,0.2539065826457,626480,0.998263141960259,0.990480580070991,"asynchronyWithin"
"AUT",1998,7,0.256346856015593,627570,1,1,"asynchronyWithin"
"AUT",2008,1,0,40770.1428571429,0.39084771228757,0,"asynchronyBetween"
"AUT",2008,2,0.1026931497,63001.5714285714,0.603971885741504,0.244142527018066,"asynchronyBetween"
"AUT",2008,3,0.2678218049,74440.8214285714,0.713635585190677,0.636719123231114,"asynchronyBetween"
"AUT",2008,4,0.3231092902,84502.8214285714,0.810096117468369,0.768159500832232,"asynchronyBetween"
"AUT",2008,5,0.3483621164,93009.3214285714,0.89164466823563,0.828195528754512,"asynchronyBetween"
"AUT",2008,6,0.4138383212,101203.521428571,0.970199318761357,0.983858551518186,"asynchronyBetween"
"AUT",2008,7,0.4206278642,104312.092857143,1,1,"asynchronyBetween"
"AUT",2008,1,0,370222,0.600208812266748,0,"asynchronyWithin"
"AUT",2008,2,0.155651352874496,495036,0.802558922995613,0.644430458884758,"asynchronyWithin"
"AUT",2008,3,0.201204663932704,581862,0.943322384739844,0.833031075627429,"asynchronyWithin"
"AUT",2008,4,0.231602637266209,602629,0.976990120326447,0.95888529753241,"asynchronyWithin"
"AUT",2008,5,0.240172676881055,615167,0.997316892069349,0.994367125731543,"asynchronyWithin"
"AUT",2008,6,0.240688384753929,616058,0.998761393076122,0.996502268504344,"asynchronyWithin"
"AUT",2008,7,0.241533203045468,616822,1,1,"asynchronyWithin"
"BEL",1978,1,0,19000,0.382418798903062,0,"asynchronyBetween"
"BEL",1978,2,0.2032032266,33068.75,0.665584824011875,0.314723620911859,"asynchronyBetween"
"BEL",1978,3,0.5884375819,44423.75,0.894130374619468,0.9113792608261,"asynchronyBetween"
"BEL",1978,4,0.6348756475,48743.75,0.981080333106901,0.983303099823715,"asynchronyBetween"
"BEL",1978,5,0.645656103,49683.75,1,1,"asynchronyBetween"
"BEL",1978,1,0,110970,0.283209555164229,0,"asynchronyWithin"
"BEL",1978,2,0.0661725126578123,185860,0.474338361023913,0.404011992199067,"asynchronyWithin"
"BEL",1978,3,0.100972110792486,252980,0.645637138554986,0.616478685776501,"asynchronyWithin"
"BEL",1978,4,0.100183747795269,306520,0.782278028736952,0.611665386533531,"asynchronyWithin"
"BEL",1978,5,0.107954408857288,346790,0.885052191001199,0.659108654595671,"asynchronyWithin"
"BEL",1978,6,0.112558690802067,371630,0.948447030600005,0.687219799940496,"asynchronyWithin"
"BEL",1978,7,0.159854828654307,387980,0.990174310287625,0.975983307770653,"asynchronyWithin"
"BEL",1978,8,0.163788486320989,391830,1,1,"asynchronyWithin"
"BEL",1988,1,0,9982.5,0.414211618257261,0,"asynchronyBetween"
"BEL",1988,2,0.2568706442,17231.25,0.714989626556017,0.603468625827404,"asynchronyBetween"
"BEL",1988,3,0.3765099703,22910,0.950622406639004,0.884538422422261,"asynchronyBetween"
"BEL",1988,4,0.4256569989,24100,1,1,"asynchronyBetween"
"BEL",1988,1,0,50680,0.269517124016167,0,"asynchronyWithin"
"BEL",1988,2,0.116181732437685,91070,0.484311848542863,0.48757054928069,"asynchronyWithin"
"BEL",1988,3,0.175587115258564,121970,0.648638587534567,0.736872350213469,"asynchronyWithin"
"BEL",1988,4,0.18649282703671,146610,0.779674537332482,0.782639475306216,"asynchronyWithin"
"BEL",1988,5,0.215073760860943,167190,0.889119336311423,0.902582785766925,"asynchronyWithin"
"BEL",1988,6,0.226211941801027,180050,0.957509040629653,0.949325495528613,"asynchronyWithin"
"BEL",1988,7,0.230041971474198,185260,0.98521591150819,0.965398673577588,"asynchronyWithin"
"BEL",1988,8,0.238287018379366,188040,1,1,"asynchronyWithin"
"BEL",1998,1,0,20364.4444444444,0.481846623024949,0,"asynchronyBetween"
"BEL",1998,2,0.5176843052,29238.8888888889,0.691826379577779,0.728759950911916,"asynchronyBetween"
"BEL",1998,3,0.5633283051,36055.5555555556,0.853116702158425,0.793014398636957,"asynchronyBetween"
"BEL",1998,4,0.6970052003,40793.3333333333,0.965218077135421,0.981195432146121,"asynchronyBetween"
"BEL",1998,5,0.7103632747,42263.3333333333,1,1,"asynchronyBetween"
"BEL",1998,1,0,101270,0.27148678355048,0,"asynchronyWithin"
"BEL",1998,2,0.0721784784215978,165850,0.444614229800011,0.367876133880398,"asynchronyWithin"
"BEL",1998,3,0.126227672129794,227700,0.6104230336175,0.643351716845501,"asynchronyWithin"
"BEL",1998,4,0.15854440750919,272140,0.729558736796955,0.808062250109539,"asynchronyWithin"
"BEL",1998,5,0.163666690703864,308260,0.826390005897807,0.834169280619248,"asynchronyWithin"
"BEL",1998,6,0.167766917040231,339020,0.908852072274945,0.855067136124691,"asynchronyWithin"
"BEL",1998,7,0.175608263556745,359030,0.962495308562544,0.895032570475667,"asynchronyWithin"
"BEL",1998,8,0.187951880105528,367930,0.986354619055279,0.957944979179337,"asynchronyWithin"
"BEL",1998,9,0.196203210195376,373020,1,1,"asynchronyWithin"
"BEL",2008,1,0,9102.75,0.362384188443513,0,"asynchronyBetween"
"BEL",2008,2,0.1240133835,16451.8928571429,0.654956561631961,0.498352211282925,"asynchronyBetween"
"BEL",2008,3,0.1835289665,21886.3928571429,0.871306222129753,0.737517707431512,"asynchronyBetween"
"BEL",2008,4,0.2488468611,25119.0595238095,1,1,"asynchronyBetween"
"BEL",2008,1,0,47328,0.266726780883679,0,"asynchronyWithin"
"BEL",2008,2,0.116186254657527,80295,0.452519161406673,0.273754449352694,"asynchronyWithin"
"BEL",2008,3,0.2017955946402,109907,0.619403742110009,0.47546452078485,"asynchronyWithin"
"BEL",2008,4,0.272347439117503,129609,0.730438458070334,0.64169658836144,"asynchronyWithin"
"BEL",2008,5,0.349326823405807,145870,0.822080703336339,0.823073025870942,"asynchronyWithin"
"BEL",2008,6,0.394693105644789,161592,0.91068530207394,0.929963652908699,"asynchronyWithin"
"BEL",2008,7,0.409559424108966,171132,0.964449954914337,0.964991211349744,"asynchronyWithin"
"BEL",2008,8,0.424417776340274,174987,0.986175608656447,1,"asynchronyWithin"
"BEL",2008,9,0.421744184404718,177440,1,0.993700565611058,"asynchronyWithin"
"CZE",1998,1,0,119968.857142857,0.483345341763504,0,"asynchronyBetween"
"CZE",1998,2,0.2704702471,193444.857142857,0.779374521145661,0.661742808410293,"asynchronyBetween"
"CZE",1998,3,0.319984333,236060.428571429,0.951069396191958,0.782885856899542,"asynchronyBetween"
"CZE",1998,4,0.4081203335,247422.261904762,0.99684535293897,0.998522752707004,"asynchronyBetween"
"CZE",1998,5,0.4087241201,248205.261904762,1,1,"asynchronyBetween"
"CZE",1998,1,0,386948,0.224789804906188,0,"asynchronyWithin"
"CZE",1998,2,0.0473943278009829,736016,0.427573971303207,0.385541210548131,"asynchronyWithin"
"CZE",1998,3,0.0593926373535464,1055225,0.613012140861647,0.483144510437757,"asynchronyWithin"
"CZE",1998,4,0.0685608859334232,1298851,0.754541858058984,0.557725959739768,"asynchronyWithin"
"CZE",1998,5,0.0939942540660788,1495729,0.868914247140516,0.764620159808514,"asynchronyWithin"
"CZE",1998,6,0.113774659229571,1630083,0.946964552216046,0.925528895214343,"asynchronyWithin"
"CZE",1998,7,0.122929343230524,1721377,1,1,"asynchronyWithin"
"CZE",2008,1,0,118135.142857143,0.461182610030884,0,"asynchronyBetween"
"CZE",2008,2,0.2263993148,172364.714285714,0.672887058744578,0.427258814884815,"asynchronyBetween"
"CZE",2008,3,0.2972839387,226373.714285714,0.883730428319019,0.56103165968262,"asynchronyBetween"
"CZE",2008,4,0.4639844837,240780,0.939970496142014,0.875627476195014,"asynchronyBetween"
"CZE",2008,5,0.5100353535,250544.666666667,0.978090350662024,0.962534276564725,"asynchronyBetween"
"CZE",2008,6,0.5249763395,254801.80952381,0.994709624204578,0.990730775203468,"asynchronyBetween"
"CZE",2008,7,0.5298879904,256156.976190476,1,1,"asynchronyBetween"
"CZE",2008,1,0,416629,0.233801296199338,0,"asynchronyWithin"
"CZE",2008,2,0.035474156382972,784812,0.440415964497898,0.671055648611842,"asynchronyWithin"
"CZE",2008,3,0.0460875055692136,1083648,0.608114910445073,0.871825692167722,"asynchronyWithin"
"CZE",2008,4,0.0462478844892693,1340932,0.752495960951279,0.874859539655447,"asynchronyWithin"
"CZE",2008,5,0.0494675578713866,1546307,0.867747038545348,0.935765287108037,"asynchronyWithin"
"CZE",2008,6,0.0512791438940745,1689758,0.948247987209726,0.970034601939567,"asynchronyWithin"
"CZE",2008,7,0.0528632110561239,1781979,1,1,"asynchronyWithin"
"DEU",1978,1,0,247157.5,0.681134001238173,0,"asynchronyBetween"
"DEU",1978,2,0.3506404531,304591.785714286,0.839415440550465,0.525708766501596,"asynchronyBetween"
"DEU",1978,3,0.5070060191,335229.285714286,0.923848415325394,0.760144776660812,"asynchronyBetween"
"DEU",1978,4,0.6669861251,362861.785714286,1,1,"asynchronyBetween"
"DEU",1978,1,0,743070,0.261142310909308,0,"asynchronyWithin"
"DEU",1978,2,0.192115890944176,1469880,0.516570255775868,0.591061691188648,"asynchronyWithin"
"DEU",1978,3,0.231962093211175,1942650,0.682719138557562,0.713652090054827,"asynchronyWithin"
"DEU",1978,4,0.243865401750449,2210430,0.776826945379657,0.750273681539979,"asynchronyWithin"
"DEU",1978,5,0.301654253239836,2460320,0.864647543806625,0.928066242713858,"asynchronyWithin"
"DEU",1978,6,0.306325973336866,2649110,0.930995339945035,0.942439206697939,"asynchronyWithin"
"DEU",1978,7,0.321169386468434,2832030,0.995280200740829,0.988106292462883,"asynchronyWithin"
"DEU",1978,8,0.325035260799635,2845460,1,1,"asynchronyWithin"
"DEU",1988,1,0,199022.5,0.583749464450513,0,"asynchronyBetween"
"DEU",1988,2,0.3644143257,257982.5,0.756684024231454,0.575315682672574,"asynchronyBetween"
"DEU",1988,3,0.5447906761,312018.214285714,0.915175246457517,0.860083146105923,"asynchronyBetween"
"DEU",1988,4,0.6334162907,340938.214285714,1,1,"asynchronyBetween"
"DEU",1988,1,0,746270,0.27913909638036,0,"asynchronyWithin"
"DEU",1988,2,0.107822815880746,1415110,0.529315832981107,0.450847821062339,"asynchronyWithin"
"DEU",1988,3,0.132750438170441,1794900,0.671374655410384,0.555079602636325,"asynchronyWithin"
"DEU",1988,4,0.196809613496112,2078500,0.777454020430377,0.822935152305627,"asynchronyWithin"
"DEU",1988,5,0.206126089119115,2280230,0.852910262692306,0.861890847353113,"asynchronyWithin"
"DEU",1988,6,0.203542141224422,2477560,0.926720703804419,0.851086387568372,"asynchronyWithin"
"DEU",1988,7,0.238211232668756,2661830,0.995646107867304,0.996050922284073,"asynchronyWithin"
"DEU",1988,8,0.239155677023527,2673470,1,1,"asynchronyWithin"
"DEU",1998,1,0,227711.666666667,0.418165124830984,0,"asynchronyBetween"
"DEU",1998,2,0.1259128021,382130.833333333,0.701737376752477,0.36835986231707,"asynchronyBetween"
"DEU",1998,3,0.1894284907,481296.666666667,0.883843518619612,0.554175997908177,"asynchronyBetween"
"DEU",1998,4,0.3243112642,519570.303030303,0.954128454661839,0.948777651169331,"asynchronyBetween"
"DEU",1998,5,0.3388909385,543023.636363636,0.997197684291573,0.991430715259751,"asynchronyBetween"
"DEU",1998,6,0.3418200922,544549.636363636,1,1,"asynchronyBetween"
"DEU",1998,1,0,1200280,0.185067317951659,0,"asynchronyWithin"
"DEU",1998,2,0.300609914947581,2231450,0.34406010817745,0.861085338982633,"asynchronyWithin"
"DEU",1998,3,0.349105833462162,2955940,0.455766894246366,1,"asynchronyWithin"
"DEU",1998,4,0.322614629377965,3599020,0.554921333900741,0.924116982459221,"asynchronyWithin"
"DEU",1998,5,0.320423960838504,4214190,0.649772420300849,0.91784189814529,"asynchronyWithin"
"DEU",1998,6,0.309232380547379,4670350,0.720106265534319,0.885784054309981,"asynchronyWithin"
"DEU",1998,7,0.302812647859038,5122220,0.789778649447086,0.867394981218092,"asynchronyWithin"
"DEU",1998,8,0.330845964708546,5514490,0.85026150079252,0.947695320434699,"asynchronyWithin"
"DEU",1998,9,0.321762568126875,5869180,0.904950012643317,0.921676286345268,"asynchronyWithin"
"DEU",1998,10,0.319546402062589,6203210,0.956453025453155,0.915328165369149,"asynchronyWithin"
"DEU",1998,11,0.330089786128718,6467030,0.997130583874529,0.945529276480838,"asynchronyWithin"
"DEU",1998,12,0.331266221777476,6485640,1,0.94889913036466,"asynchronyWithin"
"DEU",2008,1,0,249202.416666667,0.459064606788913,0,"asynchronyBetween"
"DEU",2008,2,0.133332359,377558.570512821,0.695514028437735,0.256566619809697,"asynchronyBetween"
"DEU",2008,3,0.2099667555,487694.470512821,0.898399274508488,0.404031407942345,"asynchronyBetween"
"DEU",2008,4,0.4906276214,518534.553846154,0.95521088539945,0.944096927047318,"asynchronyBetween"
"DEU",2008,5,0.5147507121,537698.246153846,0.990513002415521,0.990516115057498,"asynchronyBetween"
"DEU",2008,6,0.5196792907,542848.246153846,1,1,"asynchronyBetween"
"DEU",2008,1,0,1126604,0.176309369418461,0,"asynchronyWithin"
"DEU",2008,2,0.133091232791627,2071268,0.32414580010069,0.482252966654151,"asynchronyWithin"
"DEU",2008,3,0.204405097414137,2812899,0.440208315368861,0.740657085816701,"asynchronyWithin"
"DEU",2008,4,0.207494067763212,3400098,0.532102792410618,0.751849897570728,"asynchronyWithin"
"DEU",2008,5,0.253479975794246,3907320,0.611481164025818,0.918478758894541,"asynchronyWithin"
"DEU",2008,6,0.258673971825949,4380919,0.685597660192362,0.937299081935656,"asynchronyWithin"
"DEU",2008,7,0.262992581248679,4846982,0.758534800162819,0.952947462089987,"asynchronyWithin"
"DEU",2008,8,0.275978048854748,5310885,0.83113390810255,1,"asynchronyWithin"
"DEU",2008,9,0.267921938923628,5701383,0.892245404368469,0.970808874239992,"asynchronyWithin"
"DEU",2008,10,0.272456084695709,6033896,0.944282462068815,0.987238245310977,"asynchronyWithin"
"DEU",2008,11,0.272807600998829,6298271,0.985656174162866,0.988511956407126,"asynchronyWithin"
"DEU",2008,12,0.270937915655192,6375663,0.997767736626725,0.981737195329586,"asynchronyWithin"
"DEU",2008,13,0.271675579163797,6389927,1,0.984410101785975,"asynchronyWithin"
"GRC",1988,1,0,6600,0.699152542372881,0,"asynchronyBetween"
"GRC",1988,2,0.070008959,9195,0.974046610169492,0.257159474340734,"asynchronyBetween"
"GRC",1988,3,0.27223947,9440,1,1,"asynchronyBetween"
"GRC",1988,1,0,13300,0.356855379661926,0,"asynchronyWithin"
"GRC",1988,2,0.0792168583074464,24710,0.662999731687684,0.431718578527286,"asynchronyWithin"
"GRC",1988,3,0.156593230956737,34810,0.93399517037832,0.853406819205837,"asynchronyWithin"
"GRC",1988,4,0.183491890892621,37270,1,1,"asynchronyWithin"
"GRC",1998,1,0,3975.75,0.491136504014824,0,"asynchronyBetween"
"GRC",1998,2,0.0425798695,6130.25,0.757288449660284,0.0921837140583449,"asynchronyBetween"
"GRC",1998,3,0.4619022995,7693.5,0.950401482396541,1,"asynchronyBetween"
"GRC",1998,4,0.4518349635,7907.5,0.976837554045707,0.978204620304126,"asynchronyBetween"
"GRC",1998,5,0.4381858796,8095,1,0.9486548996927,"asynchronyBetween"
"GRC",1998,1,0,10851,0.345980932946466,0,"asynchronyWithin"
"GRC",1998,2,0.363426988032885,21414,0.682779070879699,1,"asynchronyWithin"
"GRC",1998,3,0.360865912258979,26723,0.85205496923126,0.992952984070423,"asynchronyWithin"
"GRC",1998,4,0.312137574812174,31363,1,0.858872855044903,"asynchronyWithin"
"GRC",2008,1,0,31977,0.364996399726436,0,"asynchronyBetween"
"GRC",2008,2,0.6385940618,49861.5,0.569136191167392,0.856191587227919,"asynchronyBetween"
"GRC",2008,3,0.624519173,62297.1923076923,0.711081430571133,0.837320755031702,"asynchronyBetween"
"GRC",2008,4,0.6101050947,72396.6538461538,0.826360134036564,0.817995156319872,"asynchronyBetween"
"GRC",2008,5,0.6383065167,77549.4871794872,0.885176333650569,0.85580606266655,"asynchronyBetween"
"GRC",2008,6,0.6753575762,80720.4871794872,0.921371210703843,0.905482073358482,"asynchronyBetween"
"GRC",2008,7,0.7347425485,83289.4871794872,0.950694654144354,0.985102158687347,"asynchronyBetween"
"GRC",2008,8,0.7345980117,85349.2371794872,0.974205344150812,0.984908371742545,"asynchronyBetween"
"GRC",2008,9,0.7441051953,87085.0833333333,0.994018885028094,0.997655077519306,"asynchronyBetween"
"GRC",2008,10,0.7453345237,87368.0833333333,0.997249143686585,0.999303293024245,"asynchronyBetween"
"GRC",2008,11,0.7458541655,87609.0833333333,1,1,"asynchronyBetween"
"GRC",2008,1,0,337673,0.347083830993559,0,"asynchronyWithin"
"GRC",2008,2,0.30894547171606,525616,0.54026473810909,0.575026385168356,"asynchronyWithin"
"GRC",2008,3,0.388773046430582,679580,0.698519662118686,0.723605878727128,"asynchronyWithin"
"GRC",2008,4,0.477877353935257,809820,0.832389406364158,0.889451740013722,"asynchronyWithin"
"GRC",2008,5,0.50014798937882,888885,0.913657920866371,0.930903077440295,"asynchronyWithin"
"GRC",2008,6,0.498328970969543,920783,0.946444907214206,0.92751741985279,"asynchronyWithin"
"GRC",2008,7,0.505297887762006,935614,0.961689242110586,0.940488352909196,"asynchronyWithin"
"GRC",2008,8,0.516497659415727,946273,0.97264530479419,0.961333986842517,"asynchronyWithin"
"GRC",2008,9,0.519459786453247,953415,0.979986349890943,0.966847261380362,"asynchronyWithin"
"GRC",2008,10,0.519998775240071,959413,0.986151512099054,0.96785045709646,"asynchronyWithin"
"GRC",2008,11,0.524571549766483,965142,0.992040177369188,0.976361557749619,"asynchronyWithin"
"GRC",2008,12,0.534698033630835,970008,0.997041791124551,0.995209529136411,"asynchronyWithin"
"GRC",2008,13,0.537271818623779,972886,1,1,"asynchronyWithin"
"ESP",1978,1,0,240239.375,0.809893311903048,0,"asynchronyBetween"
"ESP",1978,2,0.2730361899,263501.597222222,0.888314753841033,0.888209200388545,"asynchronyBetween"
"ESP",1978,3,0.279849631,283276.891339869,0.954981087978799,0.910373885127011,"asynchronyBetween"
"ESP",1978,4,0.3043654268,295830.891339869,0.997303045558113,0.9901257868525,"asynchronyBetween"
"ESP",1978,5,0.3074007675,296630.891339869,1,1,"asynchronyBetween"
"ESP",1978,1,0,1524520,0.342301077296834,0,"asynchronyWithin"
"ESP",1978,2,0.106902024953363,2396160,0.538010750515297,0.410176725909949,"asynchronyWithin"
"ESP",1978,3,0.146419273883889,3017250,0.677464333346805,0.561802065003037,"asynchronyWithin"
"ESP",1978,4,0.177265269834022,3490870,0.783806418874923,0.680156320984409,"asynchronyWithin"
"ESP",1978,5,0.187789276938283,3739200,0.83956405178569,0.720536311722299,"asynchronyWithin"
"ESP",1978,6,0.194169120607846,3875180,0.870095694854212,0.745015393286378,"asynchronyWithin"
"ESP",1978,7,0.202236266266001,4006200,0.899513667165124,0.775968552451927,"asynchronyWithin"
"ESP",1978,8,0.219859241659494,4110310,0.92288952655521,0.843586863244897,"asynchronyWithin"
"ESP",1978,9,0.234588338033794,4197550,0.942477558187052,0.900101531971317,"asynchronyWithin"
"ESP",1978,10,0.242126131522447,4260880,0.956697068082106,0.929023598275578,"asynchronyWithin"
"ESP",1978,11,0.243174953746975,4309350,0.967580056312223,0.933047866911333,"asynchronyWithin"
"ESP",1978,12,0.246926534027308,4357520,0.978395685423936,0.947442457818724,"asynchronyWithin"
"ESP",1978,13,0.251620554682609,4396230,0.98708725700198,0.965453136518071,"asynchronyWithin"
"ESP",1978,14,0.254158824305655,4426450,0.993872565529196,0.975192326434373,"asynchronyWithin"
"ESP",1978,15,0.257602106334924,4440720,0.997076614261273,0.988403995247627,"asynchronyWithin"
"ESP",1978,16,0.260126271141387,4449610,0.999072689469974,0.998089065819712,"asynchronyWithin"
"ESP",1978,17,0.26062430703792,4453740,1,1,"asynchronyWithin"
"ESP",1988,1,0,245877.5,0.807697751658819,0,"asynchronyBetween"
"ESP",1988,2,0.0981268351,274389.166666667,0.901357436106205,0.416228714479114,"asynchronyBetween"
"ESP",1988,3,0.2096235322,287881.519607843,0.945679275783181,0.889168933689344,"asynchronyBetween"
"ESP",1988,4,0.2294847314,298994.852941176,0.982186131216347,0.973415015840113,"asynchronyBetween"
"ESP",1988,5,0.2330631778,303737.710084034,0.99776622720205,0.988593862109704,"asynchronyBetween"
"ESP",1988,6,0.2357521999,304417.710084034,1,1,"asynchronyBetween"
"ESP",1988,1,0,1572980,0.354670983801724,0,"asynchronyWithin"
"ESP",1988,2,0.18118990584386,2629950,0.592993524297413,0.414452888240162,"asynchronyWithin"
"ESP",1988,3,0.24854270802971,3174870,0.715860510840939,0.568515352520315,"asynchronyWithin"
"ESP",1988,4,0.290992417997427,3550300,0.800511382084491,0.66561460768654,"asynchronyWithin"
"ESP",1988,5,0.373224803127709,3821520,0.861665283740395,0.853712555888425,"asynchronyWithin"
"ESP",1988,6,0.387414026951523,3943820,0.889241134240052,0.886168915795878,"asynchronyWithin"
"ESP",1988,7,0.406280149064532,4051770,0.913581388217468,0.929323189557497,"asynchronyWithin"
"ESP",1988,8,0.416287678269445,4136200,0.932618420577943,0.952214362019931,"asynchronyWithin"
"ESP",1988,9,0.415632249349768,4219120,0.951314982502976,0.95071513717332,"asynchronyWithin"
"ESP",1988,10,0.418150290637656,4279650,0.964963111944875,0.956474892274537,"asynchronyWithin"
"ESP",1988,11,0.419817042366229,4324710,0.975123110501822,0.960287411877486,"asynchronyWithin"
"ESP",1988,12,0.423611524694363,4368280,0.984947148165518,0.968966891857054,"asynchronyWithin"
"ESP",1988,13,0.432633094091282,4396530,0.991316876510697,0.989602784765096,"asynchronyWithin"
"ESP",1988,14,0.43524416991299,4418410,0.996250315667953,0.995575346595628,"asynchronyWithin"
"ESP",1988,15,0.437178533399112,4427740,0.998354017100184,1,"asynchronyWithin"
"ESP",1988,16,0.437047368528264,4431830,0.9992762184783,0.999699974127667,"asynchronyWithin"
"ESP",1988,17,0.437148777235469,4435040,1,0.999931935899479,"asynchronyWithin"
"FRA",1978,1,0,108131.818181818,0.598598215501061,0,"asynchronyBetween"
"FRA",1978,2,0.5590129558,145605.38961039,0.806045138735782,0.879138784970226,"asynchronyBetween"
"FRA",1978,3,0.6262135311,166304.913419913,0.920633963953428,0.984822618422699,"asynchronyBetween"
"FRA",1978,4,0.6324256345,176326.731601732,0.976112939342757,0.994592161290216,"asynchronyBetween"
"FRA",1978,5,0.635864286,180641.731601732,1,1,"asynchronyBetween"
"FRA",1978,1,0,413420,0.115890596048025,0,"asynchronyWithin"
"FRA",1978,2,0.109220239785644,824970,0.231256990522323,0.262539276777593,"asynchronyWithin"
"FRA",1978,3,0.185534922042654,1219710,0.341911177267032,0.445981480590632,"asynchronyWithin"
"FRA",1978,4,0.190437244685883,1535130,0.430330246991447,0.457765489157265,"asynchronyWithin"
"FRA",1978,5,0.24804272608271,1799970,0.504570645272515,0.596235258625173,"asynchronyWithin"
"FRA",1978,6,0.285529651664151,2035400,0.570566782439528,0.686344842252554,"asynchronyWithin"
"FRA",1978,7,0.356782946586458,2245720,0.629524041790359,0.857620684107845,"asynchronyWithin"
"FRA",1978,8,0.391837452428015,2438630,0.683600900393291,0.941883313722104,"asynchronyWithin"
"FRA",1978,9,0.400539236574075,2627310,0.736491998217154,0.962800317025384,"asynchronyWithin"
"FRA",1978,10,0.389345960802921,2764160,0.774854022476194,0.935894365056238,"asynchronyWithin"
"FRA",1978,11,0.390824123701196,2889340,0.809944692529146,0.93944751435379,"asynchronyWithin"
"FRA",1978,12,0.399820932374304,3007760,0.843140387909165,0.961073685903859,"asynchronyWithin"
"FRA",1978,13,0.397342550685513,3105100,0.870426901912635,0.955116250382466,"asynchronyWithin"
"FRA",1978,14,0.400289088166432,3195980,0.895902537752325,0.96219902021301,"asynchronyWithin"
"FRA",1978,15,0.400424225316054,3270060,0.916668769079396,0.962523857528851,"asynchronyWithin"
"FRA",1978,16,0.407011418001154,3342830,0.937067778983161,0.978357889819341,"asynchronyWithin"
"FRA",1978,17,0.404006081709568,3404490,0.95435241483126,0.9711337817418,"asynchronyWithin"
"FRA",1978,18,0.410754156557779,3454660,0.968416154378765,0.987354536189579,"asynchronyWithin"
"FRA",1978,19,0.413882554056099,3502180,0.981737041428744,0.994874453910814,"asynchronyWithin"
"FRA",1978,20,0.413984057745696,3535080,0.990959625265955,0.995118444450566,"asynchronyWithin"
"FRA",1978,21,0.41576524257903,3566370,0.999730891170707,0.999399985846816,"asynchronyWithin"
"FRA",1978,22,0.416014857381393,3567330,1,1,"asynchronyWithin"
"FRA",1988,1,0,75055,0.318152945575157,0,"asynchronyBetween"
"FRA",1988,2,0.3626969193,149415.952380952,0.633363871373225,0.686708719418639,"asynchronyBetween"
"FRA",1988,3,0.4874725983,185140.238095238,0.784796643721084,0.922951549674962,"asynchronyBetween"
"FRA",1988,4,0.5238685144,217268.095238095,0.920984404496753,0.991861406933569,"asynchronyBetween"
"FRA",1988,5,0.5281670511,228443.095238095,0.968354455350159,1,"asynchronyBetween"
"FRA",1988,6,0.5232280839,235908.54978355,1,0.990648854013681,"asynchronyBetween"
"FRA",1988,1,0,464830,0.101063621618566,0,"asynchronyWithin"
"FRA",1988,2,0.18030447068526,895980,0.19480451713057,0.490577592285243,"asynchronyWithin"
"FRA",1988,3,0.194234773290329,1324300,0.287930112319487,0.528479560471762,"asynchronyWithin"
"FRA",1988,4,0.229426671717109,1733110,0.376813831429454,0.624230690394064,"asynchronyWithin"
"FRA",1988,5,0.236737850792435,2120700,0.461083885219312,0.644123156808837,"asynchronyWithin"
"FRA",1988,6,0.260088621612384,2440840,0.530688918941249,0.707656605997968,"asynchronyWithin"
"FRA",1988,7,0.253623734896763,2756620,0.599345998808535,0.690066756188406,"asynchronyWithin"
"FRA",1988,8,0.256785049788937,3037030,0.660312911740278,0.698668152717089,"asynchronyWithin"
"FRA",1988,9,0.297756725438135,3282700,0.713726632720062,0.810145066825124,"asynchronyWithin"
"FRA",1988,10,0.289493461088694,3513930,0.764000800107841,0.787662139399318,"asynchronyWithin"
"FRA",1988,11,0.319101494019708,3730710,0.811133239697524,0.868220527399324,"asynchronyWithin"
"FRA",1988,12,0.318190484371041,3912290,0.850612473855172,0.865741826132,"asynchronyWithin"
"FRA",1988,13,0.328382850395826,4044160,0.879283729546156,0.89347350890795,"asynchronyWithin"
"FRA",1988,14,0.34378221248771,4175580,0.907857145963152,0.935372536419876,"asynchronyWithin"
"FRA",1988,15,0.349168645580225,4271790,0.928775182742022,0.950028098578089,"asynchronyWithin"
"FRA",1988,16,0.355455901944825,4356210,0.947129830542377,0.967134646617099,"asynchronyWithin"
"FRA",1988,17,0.357260580544362,4437600,0.964825693897873,0.972044868082183,"asynchronyWithin"
"FRA",1988,18,0.360855544735017,4487200,0.975609756097561,0.981826150100876,"asynchronyWithin"
"FRA",1988,19,0.36316457271764,4529200,0.984741421669877,0.988108619880626,"asynchronyWithin"
"FRA",1988,20,0.36548046197545,4570170,0.993649144015063,0.994409758015349,"asynchronyWithin"
"FRA",1988,21,0.367225595714107,4598320,0.999769534154603,0.999157968109487,"asynchronyWithin"
"FRA",1988,22,0.367535071965584,4599380,1,1,"asynchronyWithin"
"FRA",1998,1,0,217046.272727273,0.434026762433277,0,"asynchronyBetween"
"FRA",1998,2,0.0778023501,291287.909090909,0.582487533787536,0.157694300884009,"asynchronyBetween"
"FRA",1998,3,0.3568435544,355732.045454545,0.711356274596846,0.723271144942867,"asynchronyBetween"
"FRA",1998,4,0.4755894436,414036.664502165,0.827947841557047,0.963952177793107,"asynchronyBetween"
"FRA",1998,5,0.4878745211,445545.433732934,0.890955830248343,0.988852283062142,"asynchronyBetween"
"FRA",1998,6,0.4834467645,476339.433732934,0.952534497112457,0.979877850019643,"asynchronyBetween"
"FRA",1998,7,0.4838012444,485673.933732934,0.971200667984805,0.980596330373207,"asynchronyBetween"
"FRA",1998,8,0.4850972681,493271.6003996,0.986393698595029,0.983223186130622,"asynchronyBetween"
"FRA",1998,9,0.4933745206,500075.782217782,1,1,"asynchronyBetween"
"FRA",1998,1,0,1371928,0.136067386645059,0,"asynchronyWithin"
"FRA",1998,2,0.113676603607536,2313006,0.229403206082492,0.306990248406917,"asynchronyWithin"
"FRA",1998,3,0.180069467946074,3246230,0.321960068275295,0.486288021817729,"asynchronyWithin"
"FRA",1998,4,0.212630249877935,3977349,0.394472220266178,0.574220298261313,"asynchronyWithin"
"FRA",1998,5,0.235473348298075,4681663,0.46432586080528,0.63590940785675,"asynchronyWithin"
"FRA",1998,6,0.295060817116044,5381566,0.53374201975461,0.796828816722297,"asynchronyWithin"
"FRA",1998,7,0.289098868236259,6044219,0.599463735444142,0.780728228654822,"asynchronyWithin"
"FRA",1998,8,0.291905261002173,6616280,0.656200565125844,0.788307054772023,"asynchronyWithin"
"FRA",1998,9,0.303303138800686,7153169,0.709449046932819,0.81908768355257,"asynchronyWithin"
"FRA",1998,10,0.327964150775086,7677611,0.761463039202754,0.885686173934326,"asynchronyWithin"
"FRA",1998,11,0.334724575216176,8119593,0.805298674661872,0.90394309147623,"asynchronyWithin"
"FRA",1998,12,0.343945745237426,8557984,0.848778155872776,0.928845394901823,"asynchronyWithin"
"FRA",1998,13,0.339490517379121,8973156,0.889954783981687,0.916813794171982,"asynchronyWithin"
"FRA",1998,14,0.348737987910777,9210932,0.913537332721064,0.941787123648378,"asynchronyWithin"
"FRA",1998,15,0.351121878948427,9402564,0.932543334083793,0.948224959391166,"asynchronyWithin"
"FRA",1998,16,0.355833505519622,9589163,0.951050164092789,0.960948979687245,"asynchronyWithin"
"FRA",1998,17,0.356734019410886,9737363,0.96574859338412,0.963380869578392,"asynchronyWithin"
"FRA",1998,18,0.362581653700957,9848781,0.976798995508152,0.979172744479048,"asynchronyWithin"
"FRA",1998,19,0.36699374989559,9946679,0.986508488293326,0.991087865654395,"asynchronyWithin"
"FRA",1998,20,0.3698437695364,10015809,0.993364779905402,0.998784508672667,"asynchronyWithin"
"FRA",1998,21,0.370259785769316,10082085,0.999938012696983,0.999907984591467,"asynchronyWithin"
"FRA",1998,22,0.370293858509984,10082710,1,1,"asynchronyWithin"
"HUN",1998,1,0,48114.2857142857,0.497566092229962,0,"asynchronyBetween"
"HUN",1998,2,0.4486190495,66015.7142857143,0.68269081615317,1,"asynchronyBetween"
"HUN",1998,3,0.4304781242,77125.7142857143,0.797583081570997,0.959562739655798,"asynchronyBetween"
"HUN",1998,4,0.4098646015,85522.8571428571,0.884420774270751,0.913613904618645,"asynchronyBetween"
"HUN",1998,5,0.4046697783,90684.2857142857,0.93779685180124,0.902034317871738,"asynchronyBetween"
"HUN",1998,6,0.4180254554,95404.2857142857,0.986607967262279,0.931804959833744,"asynchronyBetween"
"HUN",1998,7,0.4222795713,96699.2857142857,1,0.94128765100511,"asynchronyBetween"
"HUN",1998,1,0,121080,0.202123397435897,0,"asynchronyWithin"
"HUN",1998,2,0.125681198937483,227810,0.380291800213675,0.559770415113332,"asynchronyWithin"
"HUN",1998,3,0.143755633414399,320300,0.534688835470085,0.640271983968628,"asynchronyWithin"
"HUN",1998,4,0.215712042467542,408780,0.682391826923077,0.960758017729165,"asynchronyWithin"
"HUN",1998,5,0.20470738496438,495200,0.826655982905983,0.911744467963543,"asynchronyWithin"
"HUN",1998,6,0.212206352022152,562200,0.938501602564103,0.945144053091136,"asynchronyWithin"
"HUN",1998,7,0.224522760660792,599040,1,1,"asynchronyWithin"
"HUN",2008,1,0,148951.285714286,0.629161866959044,0,"asynchronyBetween"
"HUN",2008,2,0.0465782861,190315.857142857,0.803883493973941,0.217521975187416,"asynchronyBetween"
"HUN",2008,3,0.1555688388,224000.428571429,0.94616523223545,0.72651108331332,"asynchronyBetween"
"HUN",2008,4,0.1692921346,231835.761904762,0.979261240266575,0.790599281021762,"asynchronyBetween"
"HUN",2008,5,0.1842386728,234515.428571429,0.990580001798193,0.860400056956242,"asynchronyBetween"
"HUN",2008,6,0.2141314047,236745.571428571,1,1,"asynchronyBetween"
"HUN",2008,1,0,364063,0.221085878214907,0,"asynchronyWithin"
"HUN",2008,2,0.0574686042448726,645514,0.392003663074845,0.344662275873942,"asynchronyWithin"
"HUN",2008,3,0.0907852352518874,909533,0.55233545312333,0.544475478547202,"asynchronyWithin"
"HUN",2008,4,0.146525066284271,1155039,0.701424785510936,0.878769607887648,"asynchronyWithin"
"HUN",2008,5,0.166738886926782,1354661,0.82264997230832,1,"asynchronyWithin"
"HUN",2008,6,0.158203718532931,1552366,0.942711015458759,0.948811170860225,"asynchronyWithin"
"HUN",2008,7,0.164140428767547,1646704,1,0.98441600392609,"asynchronyWithin"
"ITA",1978,1,0,44035,0.533903503037075,0,"asynchronyBetween"
"ITA",1978,2,0.5243602124,65608.3333333333,0.795469944250954,0.910782663153701,"asynchronyBetween"
"ITA",1978,3,0.5757248503,74553.3333333333,0.903923829448334,1,"asynchronyBetween"
"ITA",1978,4,0.5701340933,82477.4509803922,1,0.990289185889602,"asynchronyBetween"
"ITA",1978,1,0,148330,0.195253264532435,0,"asynchronyWithin"
"ITA",1978,2,0.191478767911568,288220,0.379396588037068,0.375834549287251,"asynchronyWithin"
"ITA",1978,3,0.253833904127052,356420,0.469171229991575,0.498225218346262,"asynchronyWithin"
"ITA",1978,4,0.289844295706545,424110,0.558274536647009,0.56890641938254,"asynchronyWithin"
"ITA",1978,5,0.363683427754259,472440,0.621893428812131,0.713837876878291,"asynchronyWithin"
"ITA",1978,6,0.394223599878239,514680,0.677495787700084,0.773782130492207,"asynchronyWithin"
"ITA",1978,7,0.424950152265165,555760,0.731571187868576,0.834092211309234,"asynchronyWithin"
"ITA",1978,8,0.444043610332597,591280,0.778327716933446,0.871568853160317,"asynchronyWithin"
"ITA",1978,9,0.446095751812219,625920,0.823925863521483,0.875596796709773,"asynchronyWithin"
"ITA",1978,10,0.463402783710202,660190,0.869036962931761,0.909567041054998,"asynchronyWithin"
"ITA",1978,11,0.470526193881056,688500,0.906302653748947,0.923548871417452,"asynchronyWithin"
"ITA",1978,12,0.473060806541286,709410,0.933827401010952,0.928523809459749,"asynchronyWithin"
"ITA",1978,13,0.483408966626311,730120,0.961088879528222,0.948835179351703,"asynchronyWithin"
"ITA",1978,14,0.498639184545671,743650,0.97889901010952,0.978729052963386,"asynchronyWithin"
"ITA",1978,15,0.506129026377992,755740,0.994813605728728,0.99343011543619,"asynchronyWithin"
"ITA",1978,16,0.508781126929456,758990,0.999091722830665,0.9986356587259,"asynchronyWithin"
"ITA",1978,17,0.50947622637327,759680,1,1,"asynchronyWithin"
"ITA",1988,1,0,70046.6666666667,1,NA,"asynchronyBetween"
"ITA",1988,1,0,114790,0.546254877700581,0,"asynchronyWithin"
"ITA",1988,2,0.2007250592,206990,0.985009993337775,0.751760690994898,"asynchronyWithin"
"ITA",1988,3,0.2670065908,210140,1,1,"asynchronyWithin"
"ITA",1998,1,0,123648,0.462143896706968,0,"asynchronyBetween"
"ITA",1998,2,0.081348511,194101.333333333,0.725468641164312,0.196588430429237,"asynchronyBetween"
"ITA",1998,3,0.2550712357,217227.333333333,0.811903842342215,0.61641022383199,"asynchronyBetween"
"ITA",1998,4,0.3027497614,235343.696969697,0.879615142849053,0.731631097789265,"asynchronyBetween"
"ITA",1998,5,0.3732157906,252967.03030303,0.945483704731433,0.901920706151105,"asynchronyBetween"
"ITA",1998,6,0.4016508919,260467.03030303,0.973515530764221,0.970637537780185,"asynchronyBetween"
"ITA",1998,7,0.4044539107,265903.03030303,0.993832998272786,0.977411368789282,"asynchronyBetween"
"ITA",1998,8,0.4138011114,267553.03030303,1,1,"asynchronyBetween"
"ITA",1998,1,0,460950,0.22608222241841,0,"asynchronyWithin"
"ITA",1998,2,0.528438427792791,818090,0.401248737039326,0.950302537870149,"asynchronyWithin"
"ITA",1998,3,0.43061711401507,1074870,0.527191665930961,0.774388301032681,"asynchronyWithin"
"ITA",1998,4,0.454484265835436,1308380,0.641721354090031,0.817309129181689,"asynchronyWithin"
"ITA",1998,5,0.484959423912176,1526170,0.748540851260018,0.872113281452151,"asynchronyWithin"
"ITA",1998,6,0.485179586094797,1647960,0.808275212618816,0.872509203985191,"asynchronyWithin"
"ITA",1998,7,0.494735780681232,1768080,0.867190488802566,0.889694320529047,"asynchronyWithin"
"ITA",1998,8,0.516406138294912,1862480,0.913490872350235,0.928664604962844,"asynchronyWithin"
"ITA",1998,9,0.539187030953352,1954000,0.958378701823568,0.969631989183341,"asynchronyWithin"
"ITA",1998,10,0.555665039783221,2037890,0.999524243940241,0.999264757707532,"asynchronyWithin"
"ITA",1998,11,0.555971500319879,2038640,0.999892096563766,0.999815872483495,"asynchronyWithin"
"ITA",1998,12,0.556073888824021,2038860,1,1,"asynchronyWithin"
"NLD",1978,1,0,15116.6666666667,0.443745005626315,0,"asynchronyBetween"
"NLD",1978,2,0.8112799046,27261.1111111111,0.800241360752785,0.912664828309128,"asynchronyBetween"
"NLD",1978,3,0.8823674791,31691.1111111111,0.930282620394984,0.992636153382123,"asynchronyBetween"
"NLD",1978,4,0.8889133003,34066.1111111111,1,1,"asynchronyBetween"
"NLD",1978,1,0,77370,0.266820705590233,0,"asynchronyWithin"
"NLD",1978,2,0.193888374876148,131730,0.454288374659448,0.686492370995492,"asynchronyWithin"
"NLD",1978,3,0.18480712359867,177390,0.611752939959306,0.654338768567991,"asynchronyWithin"
"NLD",1978,4,0.230268895817403,208590,0.719350277614926,0.815303343262223,"asynchronyWithin"
"NLD",1978,5,0.248371755019882,233030,0.803634858778494,0.879399371420929,"asynchronyWithin"
"NLD",1978,6,0.247229335222096,257420,0.887747008311205,0.875354453946352,"asynchronyWithin"
"NLD",1978,7,0.27639741987259,275410,0.949787909094044,0.978628657992393,"asynchronyWithin"
"NLD",1978,8,0.281332286400884,289590,0.998689519605476,0.996101331254619,"asynchronyWithin"
"NLD",1978,9,0.282433400672739,289970,1,1,"asynchronyWithin"
"NLD",1988,1,0,15980,0.50645749148245,0,"asynchronyBetween"
"NLD",1988,2,0.167788196,25932.5,0.821884161318438,0.382046370704081,"asynchronyBetween"
"NLD",1988,3,0.4301239019,29482.5,0.934395055859282,0.979373278880555,"asynchronyBetween"
"NLD",1988,4,0.4391828031,31552.5,1,1,"asynchronyBetween"
"NLD",1988,1,0,59240,0.174296810639049,0,"asynchronyWithin"
"NLD",1988,2,0.15855743423948,116260,0.342061904201483,0.353407671325325,"asynchronyWithin"
"NLD",1988,3,0.389605130578735,158760,0.467106037424974,0.868388433469906,"asynchronyWithin"
"NLD",1988,4,0.418471388838352,199650,0.587413204660468,0.932728255568683,"asynchronyWithin"
"NLD",1988,5,0.444521649122565,231290,0.680504884076733,0.990791517430988,"asynchronyWithin"
"NLD",1988,6,0.439196080870535,255290,0.751118041661763,0.97892139173514,"asynchronyWithin"
"NLD",1988,7,0.440995136791258,277750,0.817200188301754,0.982931296200209,"asynchronyWithin"
"NLD",1988,8,0.436438376186911,299630,0.881575850300106,0.972774761051329,"asynchronyWithin"
"NLD",1988,9,0.448653063033038,315090,0.927062492644463,1,"asynchronyWithin"
"NLD",1988,10,0.441151701430258,327780,0.964399199717547,0.983280262142716,"asynchronyWithin"
"NLD",1988,11,0.446998521514079,339590,0.999146757679181,0.996312202779194,"asynchronyWithin"
"NLD",1988,12,0.447450242583718,339880,1,0.997319041039887,"asynchronyWithin"
"NLD",1998,1,0,13851.6666666667,0.360537685083124,0,"asynchronyBetween"
"NLD",1998,2,0.5791205438,24905.8333333333,0.648260726391488,1,"asynchronyBetween"
"NLD",1998,3,0.5455476207,34139.4696969697,0.888598150006803,0.942027746279375,"asynchronyBetween"
"NLD",1998,4,0.5698360997,38419.4696969697,1,0.983968028419302,"asynchronyBetween"
"NLD",1998,1,0,80320,0.177777777777778,0,"asynchronyWithin"
"NLD",1998,2,0.188707599904149,145820,0.322753430721558,0.516668245806239,"asynchronyWithin"
"NLD",1998,3,0.257811562680859,207300,0.458831341301461,0.705870075749693,"asynchronyWithin"
"NLD",1998,4,0.331084431869538,256320,0.567330677290837,0.906486080659587,"asynchronyWithin"
"NLD",1998,5,0.344304145005503,302550,0.669654714475432,0.942680733124512,"asynchronyWithin"
"NLD",1998,6,0.333561874125013,336980,0.745861000442674,0.913269144748542,"asynchronyWithin"
"NLD",1998,7,0.338257267044392,366730,0.811708720672864,0.926124803048784,"asynchronyWithin"
"NLD",1998,8,0.361348419383757,395130,0.874568393094289,0.989346767500053,"asynchronyWithin"
"NLD",1998,9,0.364664433967783,416300,0.921425409473218,0.998425784132486,"asynchronyWithin"
"NLD",1998,10,0.364427109371119,435620,0.964187693669765,0.997776005940685,"asynchronyWithin"
"NLD",1998,11,0.364546102075436,451070,0.99838424081452,0.998101799665126,"asynchronyWithin"
"NLD",1998,12,0.365239399626116,451800,1,1,"asynchronyWithin"
"NLD",2008,1,0,14139.9090909091,0.367561116822043,0,"asynchronyBetween"
"NLD",2008,2,0.6411432564,27242,0.708144577174388,1,"asynchronyBetween"
"NLD",2008,3,0.5197453163,33856.5454545455,0.880086963713918,0.810653954653371,"asynchronyBetween"
"NLD",2008,4,0.6139651568,37190.5454545455,0.966752921437264,0.957609942351099,"asynchronyBetween"
"NLD",2008,5,0.6164963518,38469.5454545455,1,0.961557882183162,"asynchronyBetween"
"NLD",2008,1,0,77940,0.191479482410863,0,"asynchronyWithin"
"NLD",2008,2,0.111324895157095,141829,0.348439100729411,0.378139026302167,"asynchronyWithin"
"NLD",2008,3,0.15074270465293,195077,0.47925638940549,0.512030121197751,"asynchronyWithin"
"NLD",2008,4,0.206593011979416,239695,0.588871882685037,0.701737740516072,"asynchronyWithin"
"NLD",2008,5,0.238430269846792,280965,0.690262160322916,0.809879856195695,"asynchronyWithin"
"NLD",2008,6,0.237946227314285,310836,0.763647888050589,0.808235701295098,"asynchronyWithin"
"NLD",2008,7,0.272543268509899,336037,0.825560570065423,0.925752016510882,"asynchronyWithin"
"NLD",2008,8,0.271291128257783,359667,0.883613690021398,0.921498851977824,"asynchronyWithin"
"NLD",2008,9,0.284979245632609,378944,0.930972555590223,0.967993496043935,"asynchronyWithin"
"NLD",2008,10,0.284528463586928,395272,0.971086450750661,0.966462317563259,"asynchronyWithin"
"NLD",2008,11,0.294402025217403,407041,1,1,"asynchronyWithin"
"POL",1998,1,0,150095,0.457695664934877,0,"asynchronyBetween"
"POL",1998,2,0.1488266926,219215.625,0.668470243835502,0.320846645340826,"asynchronyBetween"
"POL",1998,3,0.4345153139,275621.25,0.840472042965668,0.936745810704328,"asynchronyBetween"
"POL",1998,4,0.4451488241,308530.625,0.940825007909312,0.959669965076536,"asynchronyBetween"
"POL",1998,5,0.4638561592,327936.25,1,1,"asynchronyBetween"
"POL",1998,1,0,579890,0.110518812726559,0,"asynchronyWithin"
"POL",1998,2,0.156896781464388,1159660,0.221014755154394,0.491071952950797,"asynchronyWithin"
"POL",1998,3,0.170534858758314,1667100,0.317725625026206,0.533757833366659,"asynchronyWithin"
"POL",1998,4,0.215542942762531,2137360,0.407350514009964,0.674628841071435,"asynchronyWithin"
"POL",1998,5,0.224153874351301,2549820,0.485959542441557,0.701580235182618,"asynchronyWithin"
"POL",1998,6,0.226368137360112,2958660,0.563878650194969,0.708510667087813,"asynchronyWithin"
"POL",1998,7,0.221876512246536,3272270,0.623648270052487,0.694452309128782,"asynchronyWithin"
"POL",1998,8,0.279903753009651,3570230,0.680435221784722,0.876072035039836,"asynchronyWithin"
"POL",1998,9,0.289324498280433,3862930,0.736219692089545,0.905558068693274,"asynchronyWithin"
"POL",1998,10,0.287630115195182,4135410,0.788150517059337,0.900254811335443,"asynchronyWithin"
"POL",1998,11,0.293393157524696,4375850,0.833974972269763,0.918292583845995,"asynchronyWithin"
"POL",1998,12,0.300414067446355,4611720,0.878928450270441,0.94026736187867,"asynchronyWithin"
"POL",1998,13,0.304263464952844,4823240,0.91924116348833,0.952315608716825,"asynchronyWithin"
"POL",1998,14,0.307953082660684,4972720,0.947729932265799,0.96386376003338,"asynchronyWithin"
"POL",1998,15,0.319498559267359,5118690,0.975549744805583,1,"asynchronyWithin"
"POL",1998,16,0.317517917232409,5246980,1,0.993800779447983,"asynchronyWithin"
"POL",2008,1,0,150170.4,0.49980197018037,0,"asynchronyBetween"
"POL",2008,2,0.104804382,221400.4,0.736871954251451,0.164948353912579,"asynchronyBetween"
"POL",2008,3,0.5383062403,286398.5,0.953200727684702,0.84722343230223,"asynchronyBetween"
"POL",2008,4,0.6353769499,300459.8,1,1,"asynchronyBetween"
"POL",2008,1,0,528067,0.175752962625949,0,"asynchronyWithin"
"POL",2008,2,0.108047468166737,1001842,0.333436286651326,0.262096267444665,"asynchronyWithin"
"POL",2008,3,0.111113071205502,1448994,0.482258857923756,0.269532657464349,"asynchronyWithin"
"POL",2008,4,0.204129320565288,1790336,0.595865403624711,0.495166928979908,"asynchronyWithin"
"POL",2008,5,0.286124808863329,2096450,0.697747252710679,0.694067576953029,"asynchronyWithin"
"POL",2008,6,0.30176893012883,2360965,0.785783988407101,0.7320163217104,"asynchronyWithin"
"POL",2008,7,0.356083759292341,2618749,0.87158049096751,0.86377057965083,"asynchronyWithin"
"POL",2008,8,0.391602556527574,2761465,0.919079690527651,0.949930341998176,"asynchronyWithin"
"POL",2008,9,0.40512045042247,2885008,0.960197670370545,0.982721388319575,"asynchronyWithin"
"POL",2008,10,0.412243444823374,3004598,1,1,"asynchronyWithin"
"PRT",1988,1,0,15360,0.868041819723086,0,"asynchronyBetween"
"PRT",1988,2,0.0654403407,17265,0.975699350098898,0.605798181030817,"asynchronyBetween"
"PRT",1988,3,0.1080233364,17695,1,1,"asynchronyBetween"
"PRT",1988,1,0,43530,0.865063593004769,0,"asynchronyWithin"
"PRT",1988,2,0.0401450368237573,48280,0.959459459459459,0.580073652180053,"asynchronyWithin"
"PRT",1988,3,0.0692067924010731,50320,1,1,"asynchronyWithin"
"PRT",1998,1,0,6666.5,0.4701892559069,0,"asynchronyBetween"
"PRT",1998,2,0.3402574734,13053.8333333333,0.920688844481016,0.648682355049562,"asynchronyBetween"
"PRT",1998,3,0.3775426159,13929.3333333333,0.982437992241683,0.71976445003951,"asynchronyBetween"
"PRT",1998,4,0.5245363478,14178.3333333333,1,1,"asynchronyBetween"
"PRT",1998,1,0,29266,0.848412813451225,0,"asynchronyWithin"
"PRT",1998,2,0.15631670381888,33025,0.957385128279461,0.664633466130948,"asynchronyWithin"
"PRT",1998,3,0.235192345532721,34495,1,1,"asynchronyWithin"
"PRT",2008,1,0,16502.8333333333,0.322198775529462,0,"asynchronyBetween"
"PRT",2008,2,0.3846369501,26076.2333333333,0.509108362225914,0.599324154722895,"asynchronyBetween"
"PRT",2008,3,0.4366902442,33393.9833333333,0.651978985833823,0.680431277891676,"asynchronyBetween"
"PRT",2008,4,0.442267435,39858.65,0.778194141870027,0.689121408054858,"asynchronyBetween"
"PRT",2008,5,0.5846688748,44652.25,0.87178364975522,0.911004985587567,"asynchronyBetween"
"PRT",2008,6,0.5877741205,48836.9166666667,0.953484437054307,0.915843441055445,"asynchronyBetween"
"PRT",2008,7,0.6417844952,50987.4166666667,0.995470467742539,1,"asynchronyBetween"
"PRT",2008,8,0.6416393823,51219.4166666667,1,0.999773891546017,"asynchronyBetween"
"PRT",2008,1,0,116035,0.465708506249047,0,"asynchronyWithin"
"PRT",2008,2,0.0764091487586872,176207,0.707209882885559,0.314412661769525,"asynchronyWithin"
"PRT",2008,3,0.143939004771413,235445,0.944962634151823,0.592288310468726,"asynchronyWithin"
"PRT",2008,4,0.23098075342777,246209,0.988164136812785,0.950452592164215,"asynchronyWithin"
"PRT",2008,5,0.240945714594884,248048,0.995544995544996,0.991456974700622,"asynchronyWithin"
"PRT",2008,6,0.243021856462949,249158,1,1,"asynchronyWithin"
"ROU",1998,1,0,261833.5,0.669906556562332,0,"asynchronyBetween"
"ROU",1998,2,0.0405811427,311650.875,0.797365365856118,0.112205953700019,"asynchronyBetween"
"ROU",1998,3,0.0697498981,346109.625,0.885528807722579,0.192856911266563,"asynchronyBetween"
"ROU",1998,4,0.1167390834,363178.196428571,0.929199109311767,0.322780959713168,"asynchronyBetween"
"ROU",1998,5,0.2027624894,376934.196428571,0.964394126725778,0.560633757060688,"asynchronyBetween"
"ROU",1998,6,0.2598723027,384658.529761905,0.984156997195267,0.718541116011339,"asynchronyBetween"
"ROU",1998,7,0.3616665726,390242.279761905,0.99844313985923,1,"asynchronyBetween"
"ROU",1998,8,0.3615344484,390850.779761905,1,0.999634679536319,"asynchronyBetween"
"ROU",1998,1,0,779012,0.253182279983438,0,"asynchronyWithin"
"ROU",1998,2,0.0531861319468925,1338488,0.435014407442339,0.218334119086578,"asynchronyWithin"
"ROU",1998,3,0.0969263065007567,1820177,0.591565422398389,0.397891686639091,"asynchronyWithin"
"ROU",1998,4,0.175610662963936,2182378,0.709282318918958,0.720898437185202,"asynchronyWithin"
"ROU",1998,5,0.204702771004477,2508317,0.815213908105673,0.840324301576799,"asynchronyWithin"
"ROU",1998,6,0.224334745207082,2781222,0.90390921718805,0.920915418782617,"asynchronyWithin"
"ROU",1998,7,0.243537222249436,3041930,0.988640448349985,0.999743409385674,"asynchronyWithin"
"ROU",1998,8,0.243599727653204,3076882,1,1,"asynchronyWithin"
"ROU",2008,1,0,310380.625,0.443635710445854,0,"asynchronyBetween"
"ROU",2008,2,0.2018009486,570649.25,0.815644937370506,0.813056619551221,"asynchronyBetween"
"ROU",2008,3,0.2101280455,629271.5,0.899435359297405,0.846606517622362,"asynchronyBetween"
"ROU",2008,4,0.2315189868,678337.75,0.969567123087957,0.932790683470215,"asynchronyBetween"
"ROU",2008,5,0.2357551831,690929.035714286,0.987564200010152,0.949858330908585,"asynchronyBetween"
"ROU",2008,6,0.244623727,697056.035714286,0.996321692517623,0.985589720546243,"asynchronyBetween"
"ROU",2008,7,0.2449243102,698685.321428571,0.998650476169555,0.986800771149233,"asynchronyBetween"
"ROU",2008,8,0.2482003636,699629.488095238,1,1,"asynchronyBetween"
"ROU",2008,1,0,1378366,0.24806732537629,0,"asynchronyWithin"
"ROU",2008,2,0.0820983152546493,2626807,0.472751784917588,0.412291587775877,"asynchronyWithin"
"ROU",2008,3,0.111155358953306,3438633,0.618857757127387,0.558213884054835,"asynchronyWithin"
"ROU",2008,4,0.125894252057897,4162236,0.749086057045014,0.63223150087562,"asynchronyWithin"
"ROU",2008,5,0.179537073074639,4778992,0.860084885607079,0.901621728691743,"asynchronyWithin"
"ROU",2008,6,0.189735925740503,5220004,0.93945470994898,0.952839602603757,"asynchronyWithin"
"ROU",2008,7,0.194906927636649,5518146,0.993111930543755,0.978807986675236,"asynchronyWithin"
"ROU",2008,8,0.199126825986268,5556419,1,1,"asynchronyWithin"
"SWE",2008,1,0,67735.8333333333,0.456425290912654,0,"asynchronyBetween"
"SWE",2008,2,0.5721558966,110575.083333333,0.74508959430298,0.792186782893338,"asynchronyBetween"
"SWE",2008,3,0.7134077087,127710.583333333,0.860553967996379,0.987759037361567,"asynchronyBetween"
"SWE",2008,4,0.7170985565,144801.083333333,0.97571511757515,0.992869254458351,"asynchronyBetween"
"SWE",2008,5,0.7222487284,148405.083333333,1,1,"asynchronyBetween"
"SWE",2008,1,0,294510,0.323221437029932,0,"asynchronyWithin"
"SWE",2008,2,0.217566633752548,577092,0.633352027226503,0.717437752374377,"asynchronyWithin"
"SWE",2008,3,0.260992125738431,746053,0.818784838411231,0.860635662958121,"asynchronyWithin"
"SWE",2008,4,0.281154573936197,822761,0.90297101202738,0.927122427347838,"asynchronyWithin"
"SWE",2008,5,0.28547323892073,865839,0.950248636095749,0.941363458917438,"asynchronyWithin"
"SWE",2008,6,0.287599584205246,893800,0.980935521433408,0.948375197598977,"asynchronyWithin"
"SWE",2008,7,0.300053068062226,905771,0.994073560286708,0.989441234764142,"asynchronyWithin"
"SWE",2008,8,0.303255067122557,911171,1,1,"asynchronyWithin"
"SVK",1998,1,0,92582.5,0.420076907661652,0,"asynchronyBetween"
"SVK",1998,2,0.3192133061,146915,0.666601127525305,0.666027229214594,"asynchronyBetween"
"SVK",1998,3,0.4285717984,172560,0.78296083154046,0.894199840524341,"asynchronyBetween"
"SVK",1998,4,0.443816384,196560,0.891856635649008,0.926007127105659,"asynchronyBetween"
"SVK",1998,5,0.4584059042,206446.666666667,0.936715657174835,0.956447642988579,"asynchronyBetween"
"SVK",1998,6,0.4746045297,212454.166666667,0.963973638140755,0.99024549994718,"asynchronyBetween"
"SVK",1998,7,0.4759983609,217214.166666667,0.985571305955617,0.993153679256717,"asynchronyBetween"
"SVK",1998,8,0.4792796632,220394.166666667,1,1,"asynchronyBetween"
"SVK",1998,1,0,430680,0.538437496093115,0,"asynchronyWithin"
"SVK",1998,2,0.0667740145576226,638360,0.798079687949292,0.715019026984879,"asynchronyWithin"
"SVK",1998,3,0.0891398965743014,766500,0.9582807206171,0.954513855971444,"asynchronyWithin"
"SVK",1998,4,0.0933877449935814,799870,1,1,"asynchronyWithin"
"SVK",2008,1,0,90853.6666666667,0.47847561066595,0,"asynchronyBetween"
"SVK",2008,2,0.1033499412,127404.166666667,0.670966716961192,0.297747050330003,"asynchronyBetween"
"SVK",2008,3,0.211150235,160274.5,0.844076437146326,0.60831538864714,"asynchronyBetween"
"SVK",2008,4,0.230726284,170122,0.895937729583977,0.664713203480784,"asynchronyBetween"
"SVK",2008,5,0.2861450798,179589.5,0.945797773874759,0.824372539429112,"asynchronyBetween"
"SVK",2008,6,0.3454886934,187429,0.987084049788947,0.995339118608196,"asynchronyBetween"
"SVK",2008,7,0.3471065157,189881.5,1,1,"asynchronyBetween"
"SVK",2008,1,0,415631,0.714765268025582,0,"asynchronyWithin"
"SVK",2008,2,0.0336273041365072,501792,0.862937301050915,0.565314791796676,"asynchronyWithin"
"SVK",2008,3,0.0442315888037053,549082,0.944262441680295,0.7435853708016,"asynchronyWithin"
"SVK",2008,4,0.0594842106105755,581493,1,1,"asynchronyWithin"
"GBR",1978,1,0,200638.571428571,0.919424526366783,0,"asynchronyBetween"
"GBR",1978,2,0.0414866323,218221.904761905,1,1,"asynchronyBetween"
"GBR",1978,1,0,464300,0.318620386763838,0,"asynchronyWithin"
"GBR",1978,2,0.136093864161427,711750,0.488430024292832,0.388879100661546,"asynchronyWithin"
"GBR",1978,3,0.174862949724488,949810,0.651795885315875,0.499659165730097,"asynchronyWithin"
"GBR",1978,4,0.225404105661867,1182530,0.811497234460136,0.644077133346992,"asynchronyWithin"
"GBR",1978,5,0.299548442384813,1334850,0.91602503396879,0.855939609011329,"asynchronyWithin"
"GBR",1978,6,0.33522958420698,1397190,0.958805122081772,0.957896081684651,"asynchronyWithin"
"GBR",1978,7,0.34996445921087,1457220,1,1,"asynchronyWithin"
"GBR",1988,1,0,132397.142857143,0.652179726258752,0,"asynchronyBetween"
"GBR",1988,2,0.1000884007,184387.142857143,0.908279089405721,0.808738514759959,"asynchronyBetween"
"GBR",1988,3,0.1237586672,203007.142857143,1,1,"asynchronyBetween"
"GBR",1988,1,0,402200,0.39586224545034,0,"asynchronyWithin"
"GBR",1988,2,0.0792851034899657,556890,0.548114683910591,0.657605937500603,"asynchronyWithin"
"GBR",1988,3,0.0733736624225906,702860,0.691784529679826,0.608575305339256,"asynchronyWithin"
"GBR",1988,4,0.0805904396712023,834580,0.821428922943672,0.66843264750577,"asynchronyWithin"
"GBR",1988,5,0.0928533001136851,932550,0.917855139221071,0.770143176757189,"asynchronyWithin"
"GBR",1988,6,0.0985778044958581,979030,0.963602720445665,0.817623320003035,"asynchronyWithin"
"GBR",1988,7,0.120566282888668,1016010,1,1,"asynchronyWithin"
"GBR",1998,1,0,99092,1,NA,"asynchronyBetween"
"GBR",1998,1,0,314130,0.317008436604368,0,"asynchronyWithin"
"GBR",1998,2,0.3291638256,473900,0.478242441367618,0.590322972938483,"asynchronyWithin"
"GBR",1998,3,0.3496299783,589970,0.595376014209018,0.627027006513419,"asynchronyWithin"
"GBR",1998,4,0.3426372031,703680,0.710127961893998,0.614486151400832,"asynchronyWithin"
"GBR",1998,5,0.3797616703,792430,0.799691196060227,0.681065234950836,"asynchronyWithin"
"GBR",1998,6,0.493500837,855550,0.863389577362451,0.885045252814286,"asynchronyWithin"
"GBR",1998,7,0.4992524219,896930,0.905148750655956,0.895360155100669,"asynchronyWithin"
"GBR",1998,8,0.5133705755,937110,0.945696928107214,0.920679676133585,"asynchronyWithin"
"GBR",1998,9,0.5441275571,966160,0.975013119121624,0.975839300018836,"asynchronyWithin"
"GBR",1998,10,0.5575995526,990920,1,1,"asynchronyWithin"
